{"s": ["ec2", "lambda", "lambda", "lambda", "ec2", "lambda", "lambda", "lambda", "ec2", "ec2", "ec2"], "r": [2, 5, 2, 5, 2, 1, 3, 4, 3, 1, 4], "h": [30, 300, 30, 30, 30, 102, 134, 190, 150, 150, 180], "d": [5, 5, 500, 500, 500, 10000, 20000, 15000, 10000, 20000, 15000], "t": [1, 0, 0, 0, 0, 1, 0, 1, 1, 0, 0], "p": [10, 100, 2, 2, 2, 7, 5, 4, 4, 5, 3], "profit_loss": [61.08796691894531, 1914.3249893188477, 81.4788818359375, 203.69720458984375, 73.8388671875, -46.09052276611328, 141.61502838134766, -169.75009155273438, -125.25899505615234, 52.13501739501953, 90.77810668945312], "av95": [-0.019643838971081573, -0.026836442386147404, -0.03736675972694782, -0.03711855238118156, -0.03733123159843663, -0.03321100919070093, -0.03605710771265311, -0.034029161208992145, -0.035238295872265714, -0.036711222978885516, -0.03705003329317276], "av99": [-0.019643838971081573, -0.026836442386147404, -0.052563771295683834, -0.05289265734935464, -0.05310179947986124, -0.04732245739452732, -0.050837528275103336, -0.048315385571703534, -0.050003492245904564, -0.05175705542472511, -0.052140816429127615], "time": [59.33356285095215, 13.011919260025024, 7.9481847286224365, 38.15490126609802, 57.65242123603821, 26.006776571273804, 37.94045400619507, 36.24699783325195, 79.99708843231201, 37.64488124847412, 102.18632674217224], "cost": [0.0003955570856730143, 0.0029059953014055886, 0.001775094589392344, 0.008521261282761892, 0.0003843494749069214, 0.005808180100917815, 0.008473368061383567, 0.00809516284942627, 0.00079997088432312, 0.00012548293749491373, 0.0013624843565622964]}